{
  "scene_index": 17,
  "time_range_sec": [
    204.3041,
    207.6074
  ],
  "asr_timings": {
    "asr_duration_sec": 0.524397611618042
  },
  "asr_system_usage": {
    "cpu_percent": 12.5,
    "ram_percent": 83.2,
    "ram_used_mb": 13357.75390625,
    "ram_available_mb": 2699.73828125,
    "timestamp": 1768840858.4263608
  }
}