{
  "scene_index": 2,
  "time_range_sec": [
    21.755066666666668,
    25.792433333333335
  ],
  "asr_timings": {
    "asr_duration_sec": 0.5273308753967285
  },
  "asr_system_usage": {
    "cpu_percent": 68.0,
    "ram_percent": 92.8,
    "ram_used_mb": 14904.08984375,
    "ram_available_mb": 1153.40234375,
    "timestamp": 1768840545.5158658
  }
}