{
  "scene_index": 18,
  "time_range_sec": [
    207.6074,
    210.21
  ],
  "asr_timings": {
    "load_audio_sec": 0.0029611587524414062,
    "noise_reduction_sec": 0.03302502632141113,
    "vad_detection_sec": 0.03053593635559082,
    "asr_duration_sec": 0.06652212142944336
  },
  "ast_timings": {
    "load_audio_sec": 0.0,
    "vad_detection_sec": 0.04792428016662598,
    "mask_speech_sec": 0.00201416015625,
    "feature_extract_sec": 0.006029367446899414,
    "ast_forward_sec": 6.765395879745483,
    "ast_duration_sec": 6.821363687515259
  },
  "asr_system_usage": {
    "cpu_percent": 20.0,
    "ram_percent": 82.5,
    "ram_used_mb": 13250.69140625,
    "ram_available_mb": 2806.80078125,
    "timestamp": 1763819650.2155778
  },
  "ast_system_usage": {
    "cpu_percent": 2.5,
    "ram_percent": 82.7,
    "ram_used_mb": 13283.4609375,
    "ram_available_mb": 2774.03125,
    "timestamp": 1763819657.1394098
  }
}