{
  "scene_index": 1,
  "time_range_sec": [
    15.849166666666667,
    21.755066666666668
  ],
  "asr_timings": {
    "load_audio_sec": 0.021036863327026367,
    "noise_reduction_sec": 0.12655043601989746,
    "vad_detection_sec": 0.1073002815246582,
    "asr_duration_sec": 0.25488758087158203
  },
  "ast_timings": {
    "load_audio_sec": 0.0028667449951171875,
    "vad_detection_sec": 0.10944461822509766,
    "mask_speech_sec": 0.0,
    "feature_extract_sec": 0.007346153259277344,
    "ast_forward_sec": 15.356168270111084,
    "ast_duration_sec": 15.478490591049194
  },
  "asr_system_usage": {
    "cpu_percent": 6.8,
    "ram_percent": 75.3,
    "ram_used_mb": 12090.99609375,
    "ram_available_mb": 3966.49609375,
    "timestamp": 1763818658.7776968
  },
  "ast_system_usage": {
    "cpu_percent": 13.0,
    "ram_percent": 75.0,
    "ram_used_mb": 12047.42578125,
    "ram_available_mb": 4010.06640625,
    "timestamp": 1763818674.3613307
  }
}