{
  "scene_index": 8,
  "time_range_sec": [
    63.53013333333333,
    71.20446666666666
  ],
  "asr_timings": {
    "asr_duration_sec": 1.1100399494171143
  },
  "asr_system_usage": {
    "cpu_percent": 5.7,
    "ram_percent": 88.2,
    "ram_used_mb": 14163.0546875,
    "ram_available_mb": 1894.4375,
    "timestamp": 1768840670.1071036
  }
}