{
  "scene_index": 18,
  "time_range_sec": [
    207.6074,
    210.21
  ],
  "asr_timings": {
    "asr_duration_sec": 57.109222173690796
  },
  "asr_system_usage": {
    "cpu_percent": 13.7,
    "ram_percent": 83.9,
    "ram_used_mb": 13476.3359375,
    "ram_available_mb": 2581.15625,
    "timestamp": 1768840916.1129704
  }
}