{
  "scene_index": 6,
  "time_range_sec": [
    56.62323333333333,
    59.4594
  ],
  "asr_timings": {
    "asr_duration_sec": 59.01531147956848
  },
  "asr_system_usage": {
    "cpu_percent": 3.9,
    "ram_percent": 88.1,
    "ram_used_mb": 14147.7890625,
    "ram_available_mb": 1909.703125,
    "timestamp": 1768840667.2575674
  }
}