{
  "scene_index": 9,
  "time_range_sec": [
    71.20446666666666,
    78.44503333333334
  ],
  "asr_timings": {
    "asr_duration_sec": 59.70014548301697
  },
  "asr_system_usage": {
    "cpu_percent": 9.1,
    "ram_percent": 88.3,
    "ram_used_mb": 14179.05859375,
    "ram_available_mb": 1878.43359375,
    "timestamp": 1768840730.187989
  }
}