{
  "scene_index": 10,
  "time_range_sec": [
    78.44503333333334,
    93.5935
  ],
  "asr_timings": {
    "asr_duration_sec": 1.4743123054504395
  },
  "asr_system_usage": {
    "cpu_percent": 29.8,
    "ram_percent": 88.6,
    "ram_used_mb": 14233.19921875,
    "ram_available_mb": 1824.29296875,
    "timestamp": 1768840732.0649383
  }
}