{
  "scene_index": 4,
  "time_range_sec": [
    28.561866666666667,
    52.152100000000004
  ],
  "asr_timings": {
    "asr_duration_sec": 1.5657804012298584
  },
  "asr_system_usage": {
    "cpu_percent": 0.0,
    "ram_percent": 88.6,
    "ram_used_mb": 14231.3828125,
    "ram_available_mb": 1826.109375,
    "timestamp": 1768840607.0448499
  }
}