{
  "scene_index": 19,
  "time_range_sec": [
    210.21,
    213.3131
  ],
  "asr_timings": {
    "asr_duration_sec": 0.9168107509613037
  },
  "asr_system_usage": {
    "cpu_percent": 16.9,
    "ram_percent": 84.0,
    "ram_used_mb": 13494.4921875,
    "ram_available_mb": 2563.0,
    "timestamp": 1768840917.613888
  }
}