{
  "scene_index": 14,
  "time_range_sec": [
    102.53576666666667,
    144.51103333333333
  ],
  "asr_timings": {
    "asr_duration_sec": 2.4104325771331787
  },
  "asr_system_usage": {
    "cpu_percent": 14.9,
    "ram_percent": 89.2,
    "ram_used_mb": 14319.8984375,
    "ram_available_mb": 1737.59375,
    "timestamp": 1768840796.3753228
  }
}