{
  "scene_index": 21,
  "time_range_sec": [
    216.74986666666666,
    273.4732
  ],
  "asr_timings": {
    "asr_duration_sec": 62.06903100013733
  },
  "asr_system_usage": {
    "cpu_percent": 15.8,
    "ram_percent": 83.5,
    "ram_used_mb": 13402.6015625,
    "ram_available_mb": 2654.890625,
    "timestamp": 1768840981.4879563
  }
}