{
  "scene_index": 12,
  "time_range_sec": [
    96.36293333333333,
    98.66523333333333
  ],
  "asr_timings": {
    "asr_duration_sec": 58.95302104949951
  },
  "asr_system_usage": {
    "cpu_percent": 18.0,
    "ram_percent": 89.4,
    "ram_used_mb": 14350.65234375,
    "ram_available_mb": 1706.83984375,
    "timestamp": 1768840792.2677712
  }
}