{
  "scene_index": 16,
  "time_range_sec": [
    148.58176666666668,
    204.3041
  ],
  "asr_timings": {
    "asr_duration_sec": 2.395158529281616
  },
  "asr_system_usage": {
    "cpu_percent": 5.6,
    "ram_percent": 83.2,
    "ram_used_mb": 13355.1953125,
    "ram_available_mb": 2702.296875,
    "timestamp": 1768840857.227507
  }
}