{
  "scene_index": 11,
  "time_range_sec": [
    93.5935,
    96.36293333333333
  ],
  "asr_timings": {
    "asr_duration_sec": 0.4593071937561035
  },
  "asr_system_usage": {
    "cpu_percent": 24.2,
    "ram_percent": 88.8,
    "ram_used_mb": 14266.82421875,
    "ram_available_mb": 1790.66796875,
    "timestamp": 1768840732.9264104
  }
}