{
  "scene_index": 20,
  "time_range_sec": [
    213.3131,
    216.74986666666666
  ],
  "asr_timings": {
    "load_audio_sec": 0.0028595924377441406,
    "noise_reduction_sec": 0.037366628646850586,
    "vad_detection_sec": 0.04057884216308594,
    "asr_duration_sec": 0.08080506324768066
  },
  "ast_timings": {
    "load_audio_sec": 0.003203868865966797,
    "vad_detection_sec": 0.04776430130004883,
    "mask_speech_sec": 0.0,
    "feature_extract_sec": 0.0,
    "ast_forward_sec": 6.858405351638794,
    "ast_duration_sec": 6.90937352180481
  },
  "asr_system_usage": {
    "cpu_percent": 2.6,
    "ram_percent": 82.9,
    "ram_used_mb": 13319.65625,
    "ram_available_mb": 2737.8359375,
    "timestamp": 1763819665.0377467
  },
  "ast_system_usage": {
    "cpu_percent": 100.0,
    "ram_percent": 83.1,
    "ram_used_mb": 13338.77734375,
    "ram_available_mb": 2718.71484375,
    "timestamp": 1763819672.0497923
  }
}