{
  "scene_index": 15,
  "time_range_sec": [
    144.51103333333333,
    148.58176666666668
  ],
  "asr_timings": {
    "asr_duration_sec": 57.31264805793762
  },
  "asr_system_usage": {
    "cpu_percent": 1.3,
    "ram_percent": 83.3,
    "ram_used_mb": 13370.1953125,
    "ram_available_mb": 2687.296875,
    "timestamp": 1768840854.1902835
  }
}