{
  "scene_index": 3,
  "time_range_sec": [
    25.792433333333335,
    28.561866666666667
  ],
  "asr_timings": {
    "asr_duration_sec": 59.189064741134644
  },
  "asr_system_usage": {
    "cpu_percent": 5.4,
    "ram_percent": 88.5,
    "ram_used_mb": 14213.3203125,
    "ram_available_mb": 1844.171875,
    "timestamp": 1768840605.0755413
  }
}