{
  "scene_index": 2,
  "time_range_sec": [
    21.755066666666668,
    25.792433333333335
  ],
  "asr_timings": {
    "load_audio_sec": 0.0,
    "noise_reduction_sec": 0.07917141914367676,
    "vad_detection_sec": 0.05412149429321289,
    "asr_duration_sec": 0.13329291343688965
  },
  "ast_timings": {
    "load_audio_sec": 0.0,
    "vad_detection_sec": 0.11043334007263184,
    "mask_speech_sec": 0.0,
    "feature_extract_sec": 0.006853818893432617,
    "ast_forward_sec": 18.50624704360962,
    "ast_duration_sec": 18.630135774612427
  },
  "asr_system_usage": {
    "cpu_percent": 18.5,
    "ram_percent": 75.0,
    "ram_used_mb": 12037.80859375,
    "ram_available_mb": 4019.68359375,
    "timestamp": 1763818674.7794971
  },
  "ast_system_usage": {
    "cpu_percent": 16.9,
    "ram_percent": 72.5,
    "ram_used_mb": 11636.5546875,
    "ram_available_mb": 4420.9375,
    "timestamp": 1763818693.513523
  }
}