{
  "scene_index": 20,
  "time_range_sec": [
    213.3131,
    216.74986666666666
  ],
  "asr_timings": {
    "asr_duration_sec": 0.5044946670532227
  },
  "asr_system_usage": {
    "cpu_percent": 9.6,
    "ram_percent": 83.9,
    "ram_used_mb": 13479.90625,
    "ram_available_mb": 2577.5859375,
    "timestamp": 1768840918.7106361
  }
}