{
  "scene_index": 0,
  "time_range_sec": [
    0.0,
    15.849166666666667
  ],
  "asr_timings": {
    "asr_duration_sec": 4.999789476394653
  },
  "asr_system_usage": {
    "cpu_percent": 96.6,
    "ram_percent": 95.3,
    "ram_used_mb": 15299.890625,
    "ram_available_mb": 757.6015625,
    "timestamp": 1768840543.1003213
  }
}