{
  "scene_index": 5,
  "time_range_sec": [
    52.152100000000004,
    56.62323333333333
  ],
  "asr_timings": {
    "asr_duration_sec": 0.48125743865966797
  },
  "asr_system_usage": {
    "cpu_percent": 41.8,
    "ram_percent": 88.6,
    "ram_used_mb": 14229.98828125,
    "ram_available_mb": 1827.50390625,
    "timestamp": 1768840607.893142
  }
}