{
  "scene_index": 7,
  "time_range_sec": [
    59.4594,
    63.53013333333333
  ],
  "asr_timings": {
    "asr_duration_sec": 0.9110109806060791
  },
  "asr_system_usage": {
    "cpu_percent": 9.5,
    "ram_percent": 88.2,
    "ram_used_mb": 14160.4140625,
    "ram_available_mb": 1897.078125,
    "timestamp": 1768840668.579846
  }
}