{
  "scene_index": 17,
  "time_range_sec": [
    204.3041,
    207.6074
  ],
  "asr_timings": {
    "load_audio_sec": 0.0,
    "noise_reduction_sec": 0.05562877655029297,
    "vad_detection_sec": 0.03865790367126465,
    "asr_duration_sec": 0.09428668022155762
  },
  "ast_timings": {
    "load_audio_sec": 0.0,
    "vad_detection_sec": 0.048798322677612305,
    "mask_speech_sec": 0.0,
    "feature_extract_sec": 0.0,
    "ast_forward_sec": 6.871776342391968,
    "ast_duration_sec": 6.9225828647613525
  },
  "asr_system_usage": {
    "cpu_percent": 6.4,
    "ram_percent": 82.3,
    "ram_used_mb": 13222.01953125,
    "ram_available_mb": 2835.47265625,
    "timestamp": 1763819642.745346
  },
  "ast_system_usage": {
    "cpu_percent": 12.7,
    "ram_percent": 82.5,
    "ram_used_mb": 13247.578125,
    "ram_available_mb": 2809.9140625,
    "timestamp": 1763819649.7708323
  }
}