{
  "scene_index": 13,
  "time_range_sec": [
    98.66523333333333,
    102.53576666666667
  ],
  "asr_timings": {
    "asr_duration_sec": 0.7931084632873535
  },
  "asr_system_usage": {
    "cpu_percent": 27.1,
    "ram_percent": 89.4,
    "ram_used_mb": 14360.14453125,
    "ram_available_mb": 1697.34765625,
    "timestamp": 1768840793.4611056
  }
}