{
  "scene_index": 1,
  "time_range_sec": [
    15.849166666666667,
    21.755066666666668
  ],
  "asr_timings": {
    "asr_duration_sec": 1.014692783355713
  },
  "asr_system_usage": {
    "cpu_percent": 72.0,
    "ram_percent": 93.4,
    "ram_used_mb": 15000.328125,
    "ram_available_mb": 1057.1640625,
    "timestamp": 1768840544.6088586
  }
}