{
  "scene_index": 16,
  "time_range_sec": [
    148.58176666666668,
    204.3041
  ],
  "asr_timings": {
    "load_audio_sec": 0.017629146575927734,
    "noise_reduction_sec": 0.5284445285797119,
    "vad_detection_sec": 0.6094334125518799,
    "extract_chunks_sec": 0.0,
    "write_temp_wav_sec": 0.012181520462036133,
    "whisper_sec": 59.4638729095459,
    "asr_duration_sec": 60.631561517715454
  },
  "ast_timings": {
    "load_audio_sec": 0.0,
    "vad_detection_sec": 0.6239478588104248,
    "mask_speech_sec": 0.0,
    "feature_extract_sec": 0.12280511856079102,
    "ast_forward_sec": 95.99574017524719,
    "ast_duration_sec": 96.77901434898376
  },
  "asr_system_usage": {
    "cpu_percent": 35.3,
    "ram_percent": 83.5,
    "ram_used_mb": 13410.71484375,
    "ram_available_mb": 2646.77734375,
    "timestamp": 1763819545.3640606
  },
  "ast_system_usage": {
    "cpu_percent": 43.2,
    "ram_percent": 82.3,
    "ram_used_mb": 13211.01171875,
    "ram_available_mb": 2846.48046875,
    "timestamp": 1763819642.252354
  }
}