{
  "scene_index": 21,
  "time_range_sec": [
    216.74986666666666,
    273.4732
  ],
  "asr_timings": {
    "load_audio_sec": 0.006986379623413086,
    "noise_reduction_sec": 0.5996439456939697,
    "vad_detection_sec": 0.8037142753601074,
    "extract_chunks_sec": 0.0,
    "write_temp_wav_sec": 0.012731313705444336,
    "whisper_sec": 44.38934946060181,
    "asr_duration_sec": 45.81242537498474
  },
  "ast_timings": {
    "load_audio_sec": 0.0064983367919921875,
    "vad_detection_sec": 0.6528208255767822,
    "mask_speech_sec": 0.0010628700256347656,
    "feature_extract_sec": 0.03840899467468262,
    "ast_forward_sec": 100.99699711799622,
    "ast_duration_sec": 101.72097778320312
  },
  "asr_system_usage": {
    "cpu_percent": 100.0,
    "ram_percent": 83.8,
    "ram_used_mb": 13458.57421875,
    "ram_available_mb": 2598.91796875,
    "timestamp": 1763819718.3330345
  },
  "ast_system_usage": {
    "cpu_percent": 25.3,
    "ram_percent": 85.6,
    "ram_used_mb": 13751.5625,
    "ram_available_mb": 2305.9296875,
    "timestamp": 1763819820.1558657
  }
}