{
  "scene_index": 7,
  "time_range_sec": [
    59.4594,
    63.53013333333333
  ],
  "asr_timings": {
    "load_audio_sec": 0.006909608840942383,
    "noise_reduction_sec": 0.10708212852478027,
    "vad_detection_sec": 0.14300060272216797,
    "extract_chunks_sec": 0.0,
    "write_temp_wav_sec": 0.0,
    "whisper_sec": 74.45482540130615,
    "asr_duration_sec": 74.71181774139404
  },
  "ast_timings": {
    "load_audio_sec": 0.0020203590393066406,
    "vad_detection_sec": 0.1079716682434082,
    "mask_speech_sec": 0.0,
    "feature_extract_sec": 0.015664339065551758,
    "ast_forward_sec": 34.66191577911377,
    "ast_duration_sec": 34.809537410736084
  },
  "asr_system_usage": {
    "cpu_percent": 14.9,
    "ram_percent": 87.2,
    "ram_used_mb": 14004.3984375,
    "ram_available_mb": 2053.09375,
    "timestamp": 1763819062.0490642
  },
  "ast_system_usage": {
    "cpu_percent": 10.3,
    "ram_percent": 88.3,
    "ram_used_mb": 14186.328125,
    "ram_available_mb": 1871.1640625,
    "timestamp": 1763819096.9658735
  }
}