{
  "scene_index": 19,
  "time_range_sec": [
    210.21,
    213.3131
  ],
  "asr_timings": {
    "load_audio_sec": 0.0,
    "noise_reduction_sec": 0.042964935302734375,
    "vad_detection_sec": 0.036950111389160156,
    "asr_duration_sec": 0.07991504669189453
  },
  "ast_timings": {
    "load_audio_sec": 0.0,
    "vad_detection_sec": 0.05631518363952637,
    "mask_speech_sec": 0.0,
    "feature_extract_sec": 0.00199127197265625,
    "ast_forward_sec": 6.789630174636841,
    "ast_duration_sec": 6.848942995071411
  },
  "asr_system_usage": {
    "cpu_percent": 4.2,
    "ram_percent": 82.8,
    "ram_used_mb": 13297.80078125,
    "ram_available_mb": 2759.69140625,
    "timestamp": 1763819657.5999513
  },
  "ast_system_usage": {
    "cpu_percent": 100.0,
    "ram_percent": 82.9,
    "ram_used_mb": 13315.28515625,
    "ram_available_mb": 2742.20703125,
    "timestamp": 1763819664.551604
  }
}