{
  "scene_index": 5,
  "time_range_sec": [
    52.152100000000004,
    56.62323333333333
  ],
  "asr_timings": {
    "load_audio_sec": 0.005578041076660156,
    "noise_reduction_sec": 0.05402326583862305,
    "vad_detection_sec": 0.06274938583374023,
    "asr_duration_sec": 0.12235069274902344
  },
  "ast_timings": {
    "load_audio_sec": 0.0,
    "vad_detection_sec": 0.05834698677062988,
    "mask_speech_sec": 0.0,
    "feature_extract_sec": 0.005947589874267578,
    "ast_forward_sec": 10.92847728729248,
    "ast_duration_sec": 10.99476933479309
  },
  "asr_system_usage": {
    "cpu_percent": 34.2,
    "ram_percent": 93.4,
    "ram_used_mb": 15002.28515625,
    "ram_available_mb": 1055.20703125,
    "timestamp": 1763818858.2576542
  },
  "ast_system_usage": {
    "cpu_percent": 2.7,
    "ram_percent": 93.6,
    "ram_used_mb": 15022.94921875,
    "ram_available_mb": 1034.54296875,
    "timestamp": 1763818869.354905
  }
}